{"cameraMode":{"drawMode":0,"name":"Shaded","section":"Shading Mode"},"sceneLighting":false,"audioPlay":false,"sceneViewState":{"m_AlwaysRefresh":false,"showFog":true,"showSkybox":false,"showFlares":true,"showImageEffects":true,"showParticleSystems":true,"showVisualEffectGraphs":true,"m_FxEnabled":true},"in2DMode":false,"pivot":{"x":-3.540999412536621,"y":0.8909998536109924,"z":2.372999906539917},"rotation":{"x":0.23770812153816224,"y":-0.42055413126945498,"z":0.11517719179391861,"w":0.8679806590080261},"size":0.12028752267360687,"orthographic":false}