{"cameraMode":{"drawMode":0,"name":"Shaded","section":"Shading Mode"},"sceneLighting":false,"audioPlay":false,"sceneViewState":{"m_AlwaysRefresh":false,"showFog":true,"showSkybox":false,"showFlares":true,"showImageEffects":true,"showParticleSystems":true,"showVisualEffectGraphs":true,"m_FxEnabled":true},"in2DMode":false,"pivot":{"x":-3.564465284347534,"y":0.9046421051025391,"z":2.921393871307373},"rotation":{"x":0.014916164800524712,"y":-0.9780506491661072,"z":0.07527220994234085,"w":0.1937926560640335},"size":0.12028729915618897,"orthographic":false}