{"cameraMode":{"drawMode":0,"name":"Shaded","section":"Shading Mode"},"sceneLighting":false,"audioPlay":false,"sceneViewState":{"m_AlwaysRefresh":false,"showFog":true,"showSkybox":false,"showFlares":true,"showImageEffects":true,"showParticleSystems":true,"showVisualEffectGraphs":true,"m_FxEnabled":true},"in2DMode":false,"pivot":{"x":0.37966251373291018,"y":0.5278363823890686,"z":0.30639928579330447},"rotation":{"x":-0.18192623555660249,"y":0.2208917737007141,"z":-0.04201270639896393,"w":-0.9573011994361877},"size":0.13163162767887116,"orthographic":false}